"","ds"
"1",2016-01-01
"2",2016-01-02
"3",2016-01-03
"4",2016-01-04
"5",2016-01-05
"6",2016-01-06
"7",2016-01-07
"8",2016-01-08
"9",2016-01-09
"10",2016-01-10
"11",2016-01-11
"12",2016-01-12
"13",2016-01-13
"14",2016-01-14
"15",2016-01-15
"16",2016-01-16
"17",2016-01-17
"18",2016-01-18
"19",2016-01-19
"20",2016-01-20
"21",2016-01-21
"22",2016-01-22
"23",2016-01-23
"24",2016-01-24
"25",2016-01-25
"26",2016-01-26
"27",2016-01-27
"28",2016-01-28
"29",2016-01-29
"30",2016-01-30
"31",2016-01-31
"32",2016-02-01
"33",2016-02-02
"34",2016-02-03
"35",2016-02-04
"36",2016-02-05
"37",2016-02-06
"38",2016-02-07
"39",2016-02-08
"40",2016-02-09
"41",2016-02-10
"42",2016-02-11
"43",2016-02-12
"44",2016-02-13
"45",2016-02-14
"46",2016-02-15
"47",2016-02-16
"48",2016-02-17
"49",2016-02-18
"50",2016-02-19
"51",2016-02-20
"52",2016-02-21
"53",2016-02-22
"54",2016-02-23
"55",2016-02-24
"56",2016-02-25
"57",2016-02-26
"58",2016-02-27
"59",2016-02-28
"60",2016-02-29
"61",2016-03-01
"62",2016-03-02
"63",2016-03-03
"64",2016-03-04
"65",2016-03-05
"66",2016-03-06
"67",2016-03-07
"68",2016-03-08
"69",2016-03-09
"70",2016-03-10
"71",2016-03-11
"72",2016-03-12
"73",2016-03-13
"74",2016-03-14
"75",2016-03-15
"76",2016-03-16
"77",2016-03-17
"78",2016-03-18
"79",2016-03-19
"80",2016-03-20
"81",2016-03-21
"82",2016-03-22
"83",2016-03-23
"84",2016-03-24
"85",2016-03-25
"86",2016-03-26
"87",2016-03-27
"88",2016-03-28
"89",2016-03-29
"90",2016-03-30
"91",2016-03-31
"92",2016-04-01
"93",2016-04-02
"94",2016-04-03
"95",2016-04-04
"96",2016-04-05
"97",2016-04-06
"98",2016-04-07
"99",2016-04-08
"100",2016-04-09
"101",2016-04-10
"102",2016-04-11
"103",2016-04-12
"104",2016-04-13
"105",2016-04-14
"106",2016-04-15
"107",2016-04-16
"108",2016-04-17
"109",2016-04-18
"110",2016-04-19
"111",2016-04-20
"112",2016-04-21
"113",2016-04-22
"114",2016-04-23
"115",2016-04-24
"116",2016-04-25
"117",2016-04-26
"118",2016-04-27
"119",2016-04-28
"120",2016-04-29
"121",2016-04-30
"122",2016-05-01
"123",2016-05-02
"124",2016-05-03
"125",2016-05-04
"126",2016-05-05
"127",2016-05-06
"128",2016-05-07
"129",2016-05-08
"130",2016-05-09
"131",2016-05-10
"132",2016-05-11
"133",2016-05-12
"134",2016-05-13
"135",2016-05-14
"136",2016-05-15
"137",2016-05-16
"138",2016-05-17
"139",2016-05-18
"140",2016-05-19
"141",2016-05-20
"142",2016-05-21
"143",2016-05-22
"144",2016-05-23
"145",2016-05-24
"146",2016-05-25
"147",2016-05-26
"148",2016-05-27
"149",2016-05-28
"150",2016-05-29
"151",2016-05-30
"152",2016-05-31
"153",2016-06-01
"154",2016-06-02
"155",2016-06-03
"156",2016-06-04
"157",2016-06-05
"158",2016-06-06
"159",2016-06-07
"160",2016-06-08
"161",2016-06-09
"162",2016-06-10
"163",2016-06-11
"164",2016-06-12
"165",2016-06-13
"166",2016-06-14
"167",2016-06-15
"168",2016-06-16
"169",2016-06-17
"170",2016-06-18
"171",2016-06-19
"172",2016-06-20
"173",2016-06-21
"174",2016-06-22
"175",2016-06-23
"176",2016-06-24
"177",2016-06-25
"178",2016-06-26
"179",2016-06-27
"180",2016-06-28
"181",2016-06-29
"182",2016-06-30
"183",2016-07-01
"184",2016-07-02
"185",2016-07-03
"186",2016-07-04
"187",2016-07-05
"188",2016-07-06
"189",2016-07-07
"190",2016-07-08
"191",2016-07-09
"192",2016-07-10
"193",2016-07-11
"194",2016-07-12
"195",2016-07-13
"196",2016-07-14
"197",2016-07-15
"198",2016-07-16
"199",2016-07-17
"200",2016-07-18
"201",2016-07-19
"202",2016-07-20
"203",2016-07-21
"204",2016-07-22
"205",2016-07-23
"206",2016-07-24
"207",2016-07-25
"208",2016-07-26
"209",2016-07-27
"210",2016-07-28
"211",2016-07-29
"212",2016-07-30
"213",2016-07-31
"214",2016-08-01
"215",2016-08-02
"216",2016-08-03
"217",2016-08-04
"218",2016-08-05
"219",2016-08-06
"220",2016-08-07
"221",2016-08-08
"222",2016-08-09
"223",2016-08-10
"224",2016-08-11
"225",2016-08-12
"226",2016-08-13
"227",2016-08-14
"228",2016-08-15
"229",2016-08-16
"230",2016-08-17
"231",2016-08-18
"232",2016-08-19
"233",2016-08-20
"234",2016-08-21
"235",2016-08-22
"236",2016-08-23
"237",2016-08-24
"238",2016-08-25
"239",2016-08-26
"240",2016-08-27
"241",2016-08-28
"242",2016-08-29
"243",2016-08-30
"244",2016-08-31
"245",2016-09-01
"246",2016-09-02
"247",2016-09-03
"248",2016-09-04
"249",2016-09-05
"250",2016-09-06
"251",2016-09-07
"252",2016-09-08
"253",2016-09-09
"254",2016-09-10
"255",2016-09-11
"256",2016-09-12
"257",2016-09-13
"258",2016-09-14
"259",2016-09-15
"260",2016-09-16
"261",2016-09-17
"262",2016-09-18
"263",2016-09-19
"264",2016-09-20
"265",2016-09-21
"266",2016-09-22
"267",2016-09-23
"268",2016-09-24
"269",2016-09-25
"270",2016-09-26
"271",2016-09-27
"272",2016-09-28
"273",2016-09-29
"274",2016-09-30
"275",2016-10-01
"276",2016-10-02
"277",2016-10-03
"278",2016-10-04
"279",2016-10-05
"280",2016-10-06
"281",2016-10-07
"282",2016-10-08
"283",2016-10-09
"284",2016-10-10
"285",2016-10-11
"286",2016-10-12
"287",2016-10-13
"288",2016-10-14
"289",2016-10-15
"290",2016-10-16
"291",2016-10-17
"292",2016-10-18
"293",2016-10-19
"294",2016-10-20
"295",2016-10-21
"296",2016-10-22
"297",2016-10-23
"298",2016-10-24
"299",2016-10-25
"300",2016-10-26
"301",2016-10-27
"302",2016-10-28
"303",2016-10-29
"304",2016-10-30
"305",2016-10-31
"306",2016-11-01
"307",2016-11-02
"308",2016-11-03
"309",2016-11-04
"310",2016-11-05
"311",2016-11-06
"312",2016-11-07
"313",2016-11-08
"314",2016-11-09
"315",2016-11-10
"316",2016-11-11
"317",2016-11-12
"318",2016-11-13
"319",2016-11-14
"320",2016-11-15
"321",2016-11-16
"322",2016-11-17
"323",2016-11-18
"324",2016-11-19
"325",2016-11-20
"326",2016-11-21
"327",2016-11-22
"328",2016-11-23
"329",2016-11-24
"330",2016-11-25
"331",2016-11-26
"332",2016-11-27
"333",2016-11-28
"334",2016-11-29
"335",2016-11-30
"336",2016-12-01
"337",2016-12-02
"338",2016-12-03
"339",2016-12-04
"340",2016-12-05
"341",2016-12-06
"342",2016-12-07
"343",2016-12-08
"344",2016-12-09
"345",2016-12-10
"346",2016-12-11
"347",2016-12-12
"348",2016-12-13
"349",2016-12-14
"350",2016-12-15
"351",2016-12-16
"352",2016-12-17
"353",2016-12-18
"354",2016-12-19
"355",2016-12-20
"356",2016-12-21
"357",2016-12-22
"358",2016-12-23
"359",2016-12-24
"360",2016-12-25
"361",2016-12-26
"362",2016-12-27
"363",2016-12-28
"364",2016-12-29
"365",2016-12-30
"366",2016-12-31
"367",2017-01-02
"368",2017-01-03
"369",2017-01-04
"370",2017-01-05
"371",2017-01-06
"372",2017-01-07
"373",2017-01-08
"374",2017-01-09
"375",2017-01-10
"376",2017-01-11
"377",2017-01-12
"378",2017-01-13
"379",2017-01-14
"380",2017-01-15
"381",2017-01-16
"382",2017-01-17
"383",2017-01-18
"384",2017-01-19
"385",2017-01-20
"386",2017-01-21
"387",2017-01-22
"388",2017-01-23
"389",2017-01-24
"390",2017-01-25
"391",2017-01-26
"392",2017-01-27
"393",2017-01-28
"394",2017-01-29
"395",2017-01-30
"396",2017-01-31
"397",2017-02-01
"398",2017-02-02
"399",2017-02-03
"400",2017-02-04
"401",2017-02-05
"402",2017-02-06
"403",2017-02-07
"404",2017-02-08
"405",2017-02-09
"406",2017-02-10
"407",2017-02-11
"408",2017-02-12
"409",2017-02-13
"410",2017-02-14
"411",2017-02-15
"412",2017-02-16
"413",2017-02-17
"414",2017-02-18
"415",2017-02-19
"416",2017-02-20
"417",2017-02-21
"418",2017-02-22
"419",2017-02-23
"420",2017-02-24
"421",2017-02-25
"422",2017-02-26
"423",2017-02-27
"424",2017-02-28
"425",2017-03-01
"426",2017-03-02
"427",2017-03-03
"428",2017-03-04
"429",2017-03-05
"430",2017-03-06
"431",2017-03-07
"432",2017-03-08
"433",2017-03-09
"434",2017-03-10
"435",2017-03-11
"436",2017-03-12
"437",2017-03-13
"438",2017-03-14
"439",2017-03-15
"440",2017-03-16
"441",2017-03-17
"442",2017-03-18
"443",2017-03-19
"444",2017-03-20
"445",2017-03-21
"446",2017-03-22
"447",2017-03-23
"448",2017-03-24
"449",2017-03-25
"450",2017-03-26
"451",2017-03-27
"452",2017-03-28
"453",2017-03-29
"454",2017-03-30
"455",2017-03-31
"456",2017-04-01
"457",2017-04-02
"458",2017-04-03
"459",2017-04-04
"460",2017-04-05
"461",2017-04-06
"462",2017-04-07
"463",2017-04-08
"464",2017-04-09
"465",2017-04-10
"466",2017-04-11
"467",2017-04-12
"468",2017-04-13
"469",2017-04-14
"470",2017-04-15
"471",2017-04-16
"472",2017-04-17
"473",2017-04-18
"474",2017-04-19
"475",2017-04-20
"476",2017-04-21
"477",2017-04-22
"478",2017-04-23
"479",2017-04-24
"480",2017-04-25
"481",2017-04-26
"482",2017-04-27
"483",2017-04-28
"484",2017-04-29
"485",2017-04-30
"486",2017-05-01
"487",2017-05-02
"488",2017-05-03
"489",2017-05-04
"490",2017-05-05
"491",2017-05-06
"492",2017-05-07
"493",2017-05-08
"494",2017-05-09
"495",2017-05-10
"496",2017-05-11
"497",2017-05-12
"498",2017-05-13
"499",2017-05-14
"500",2017-05-15
"501",2017-05-16
"502",2017-05-17
"503",2017-05-18
"504",2017-05-19
"505",2017-05-20
"506",2017-05-21
"507",2017-05-22
"508",2017-05-23
"509",2017-05-24
"510",2017-05-25
"511",2017-05-26
"512",2017-05-27
"513",2017-05-28
"514",2017-05-29
"515",2017-05-30
"516",2017-05-31
"517",2017-06-01
"518",2017-06-02
"519",2017-06-03
"520",2017-06-04
"521",2017-06-05
"522",2017-06-06
"523",2017-06-07
"524",2017-06-08
"525",2017-06-09
"526",2017-06-10
"527",2017-06-11
"528",2017-06-12
"529",2017-06-13
"530",2017-06-14
"531",2017-06-15
"532",2017-06-16
"533",2017-06-17
"534",2017-06-18
"535",2017-06-19
"536",2017-06-20
"537",2017-06-21
"538",2017-06-22
"539",2017-06-23
"540",2017-06-24
"541",2017-06-25
"542",2017-06-26
"543",2017-06-27
"544",2017-06-28
"545",2017-06-29
"546",2017-06-30
"547",2017-07-01
"548",2017-07-02
"549",2017-07-03
"550",2017-07-04
"551",2017-07-05
"552",2017-07-06
"553",2017-07-07
"554",2017-07-08
"555",2017-07-09
"556",2017-07-10
"557",2017-07-11
"558",2017-07-12
"559",2017-07-13
"560",2017-07-14
"561",2017-07-15
"562",2017-07-16
"563",2017-07-17
"564",2017-07-18
"565",2017-07-19
"566",2017-07-20
"567",2017-07-21
"568",2017-07-22
"569",2017-07-23
"570",2017-07-24
"571",2017-07-25
"572",2017-07-26
"573",2017-07-27
"574",2017-07-28
"575",2017-07-29
"576",2017-07-30
"577",2017-07-31
"578",2017-08-01
"579",2017-08-02
"580",2017-08-03
"581",2017-08-04
"582",2017-08-05
"583",2017-08-06
"584",2017-08-07
"585",2017-08-08
"586",2017-08-09
"587",2017-08-10
"588",2017-08-11
"589",2017-08-12
"590",2017-08-13
"591",2017-08-14
"592",2017-08-15
"593",2017-08-16
"594",2017-08-17
"595",2017-08-18
"596",2017-08-19
"597",2017-08-20
"598",2017-08-21
"599",2017-08-22
"600",2017-08-23
"601",2017-08-24
"602",2017-08-25
"603",2017-08-26
"604",2017-08-27
"605",2017-08-28
"606",2017-08-29
"607",2017-08-30
"608",2017-08-31
"609",2017-09-01
"610",2017-09-02
"611",2017-09-03
"612",2017-09-04
"613",2017-09-05
"614",2017-09-06
"615",2017-09-07
"616",2017-09-08
"617",2017-09-09
"618",2017-09-10
"619",2017-09-11
"620",2017-09-12
"621",2017-09-13
"622",2017-09-14
"623",2017-09-15
"624",2017-09-16
"625",2017-09-17
"626",2017-09-18
"627",2017-09-19
"628",2017-09-20
"629",2017-09-21
"630",2017-09-22
"631",2017-09-23
"632",2017-09-24
"633",2017-09-25
"634",2017-09-26
"635",2017-09-27
"636",2017-09-28
"637",2017-09-29
"638",2017-09-30
"639",2017-10-01
"640",2017-10-02
"641",2017-10-03
"642",2017-10-04
"643",2017-10-05
"644",2017-10-06
"645",2017-10-07
"646",2017-10-08
"647",2017-10-09
"648",2017-10-10
"649",2017-10-11
"650",2017-10-12
"651",2017-10-13
"652",2017-10-14
"653",2017-10-15
"654",2017-10-16
"655",2017-10-17
"656",2017-10-18
"657",2017-10-19
"658",2017-10-20
"659",2017-10-21
"660",2017-10-22
"661",2017-10-23
"662",2017-10-24
"663",2017-10-25
"664",2017-10-26
"665",2017-10-27
"666",2017-10-28
"667",2017-10-29
"668",2017-10-30
"669",2017-10-31
"670",2017-11-01
"671",2017-11-02
"672",2017-11-03
"673",2017-11-04
"674",2017-11-05
"675",2017-11-06
"676",2017-11-07
"677",2017-11-08
"678",2017-11-09
"679",2017-11-10
"680",2017-11-11
"681",2017-11-12
"682",2017-11-13
"683",2017-11-14
"684",2017-11-15
"685",2017-11-16
"686",2017-11-17
"687",2017-11-18
"688",2017-11-19
"689",2017-11-20
"690",2017-11-21
"691",2017-11-22
"692",2017-11-23
"693",2017-11-24
"694",2017-11-25
"695",2017-11-26
"696",2017-11-27
"697",2017-11-28
"698",2017-11-29
"699",2017-11-30
"700",2017-12-01
"701",2017-12-02
"702",2017-12-03
"703",2017-12-04
"704",2017-12-05
"705",2017-12-06
"706",2017-12-07
"707",2017-12-08
"708",2017-12-09
"709",2017-12-10
"710",2017-12-11
"711",2017-12-12
"712",2017-12-13
"713",2017-12-14
"714",2017-12-15
"715",2017-12-16
"716",2017-12-17
"717",2017-12-18
"718",2017-12-19
"719",2017-12-20
"720",2017-12-21
"721",2017-12-22
"722",2017-12-23
"723",2017-12-24
"724",2017-12-25
"725",2017-12-26
"726",2017-12-27
"727",2017-12-28
"728",2017-12-29
"729",2017-12-30
"730",2017-12-31
"731",2018-01-01
"732",2018-01-03
"733",2018-01-04
"734",2018-01-05
"735",2018-01-06
"736",2018-01-07
"737",2018-01-08
"738",2018-01-09
"739",2018-01-10
"740",2018-01-11
"741",2018-01-12
"742",2018-01-13
"743",2018-01-14
"744",2018-01-15
"745",2018-01-16
"746",2018-01-17
"747",2018-01-18
"748",2018-01-19
"749",2018-01-20
"750",2018-01-21
"751",2018-01-22
"752",2018-01-23
"753",2018-01-24
"754",2018-01-25
"755",2018-01-26
"756",2018-01-27
"757",2018-01-28
"758",2018-01-29
"759",2018-01-30
"760",2018-01-31
"761",2018-02-01
"762",2018-02-02
"763",2018-02-03
"764",2018-02-04
"765",2018-02-05
"766",2018-02-06
"767",2018-02-07
"768",2018-02-08
"769",2018-02-09
"770",2018-02-10
"771",2018-02-11
"772",2018-02-12
"773",2018-02-13
"774",2018-02-14
"775",2018-02-15
"776",2018-02-16
"777",2018-02-17
"778",2018-02-18
"779",2018-02-19
"780",2018-02-20
"781",2018-02-21
"782",2018-02-22
"783",2018-02-23
"784",2018-02-24
"785",2018-02-25
"786",2018-02-26
"787",2018-02-27
"788",2018-02-28
"789",2018-03-01
"790",2018-03-02
"791",2018-03-03
"792",2018-03-04
"793",2018-03-05
"794",2018-03-06
"795",2018-03-07
"796",2018-03-08
"797",2018-03-09
"798",2018-03-10
"799",2018-03-11
"800",2018-03-12
"801",2018-03-13
"802",2018-03-14
"803",2018-03-15
"804",2018-03-16
"805",2018-03-17
"806",2018-03-18
"807",2018-03-19
"808",2018-03-20
"809",2018-03-21
"810",2018-03-22
"811",2018-03-23
"812",2018-03-24
"813",2018-03-25
"814",2018-03-26
"815",2018-03-27
"816",2018-03-28
"817",2018-03-29
"818",2018-03-30
"819",2018-03-31
"820",2018-04-01
"821",2018-04-02
"822",2018-04-03
"823",2018-04-04
"824",2018-04-05
"825",2018-04-06
"826",2018-04-07
"827",2018-04-08
"828",2018-04-09
"829",2018-04-10
"830",2018-04-11
"831",2018-04-12
"832",2018-04-13
"833",2018-04-14
"834",2018-04-15
"835",2018-04-16
"836",2018-04-17
"837",2018-04-18
"838",2018-04-19
"839",2018-04-20
"840",2018-04-21
"841",2018-04-22
"842",2018-04-23
"843",2018-04-24
"844",2018-04-25
"845",2018-04-26
"846",2018-04-27
"847",2018-04-28
"848",2018-04-29
"849",2018-04-30
"850",2018-05-01
"851",2018-05-02
"852",2018-05-03
"853",2018-05-04
"854",2018-05-05
"855",2018-05-06
"856",2018-05-07
"857",2018-05-08
"858",2018-05-09
"859",2018-05-10
"860",2018-05-11
"861",2018-05-12
"862",2018-05-13
"863",2018-05-14
"864",2018-05-15
"865",2018-05-16
"866",2018-05-17
"867",2018-05-18
"868",2018-05-19
"869",2018-05-20
"870",2018-05-21
"871",2018-05-22
"872",2018-05-23
"873",2018-05-24
"874",2018-05-25
"875",2018-05-26
"876",2018-05-27
"877",2018-05-28
"878",2018-05-29
"879",2018-05-30
"880",2018-05-31
"881",2018-06-01
"882",2018-06-02
"883",2018-06-03
"884",2018-06-04
"885",2018-06-05
"886",2018-06-06
"887",2018-06-07
"888",2018-06-08
"889",2018-06-09
"890",2018-06-10
"891",2018-06-11
"892",2018-06-12
"893",2018-06-13
"894",2018-06-14
"895",2018-06-15
"896",2018-06-16
"897",2018-06-17
"898",2018-06-18
"899",2018-06-19
"900",2018-06-20
"901",2018-06-21
"902",2018-06-22
"903",2018-06-23
"904",2018-06-24
"905",2018-06-25
"906",2018-06-26
"907",2018-06-27
"908",2018-06-28
"909",2018-06-29
"910",2018-06-30
"911",2018-07-01
"912",2018-07-02
"913",2018-07-03
"914",2018-07-04
"915",2018-07-05
"916",2018-07-06
"917",2018-07-07
"918",2018-07-08
"919",2018-07-09
"920",2018-07-10
"921",2018-07-11
"922",2018-07-12
"923",2018-07-13
"924",2018-07-14
"925",2018-07-15
"926",2018-07-16
"927",2018-07-17
"928",2018-07-18
"929",2018-07-19
"930",2018-07-20
"931",2018-07-21
"932",2018-07-22
"933",2018-07-23
"934",2018-07-24
"935",2018-07-25
"936",2018-07-26
"937",2018-07-27
"938",2018-07-28
"939",2018-07-29
"940",2018-07-30
"941",2018-07-31
"942",2018-08-01
"943",2018-08-02
"944",2018-08-03
"945",2018-08-04
"946",2018-08-05
"947",2018-08-06
"948",2018-08-07
"949",2018-08-08
"950",2018-08-09
"951",2018-08-10
"952",2018-08-11
"953",2018-08-12
"954",2018-08-13
"955",2018-08-14
"956",2018-08-15
"957",2018-08-16
"958",2018-08-17
"959",2018-08-18
"960",2018-08-19
"961",2018-08-20
"962",2018-08-21
"963",2018-08-22
"964",2018-08-23
"965",2018-08-24
"966",2018-08-25
"967",2018-08-26
"968",2018-08-27
"969",2018-08-28
"970",2018-08-29
"971",2018-08-30
"972",2018-08-31
"973",2018-09-01
"974",2018-09-02
"975",2018-09-03
"976",2018-09-04
"977",2018-09-05
"978",2018-09-06
"979",2018-09-07
"980",2018-09-08
"981",2018-09-09
"982",2018-09-10
"983",2018-09-11
"984",2018-09-12
"985",2018-09-13
"986",2018-09-14
"987",2018-09-15
"988",2018-09-16
"989",2018-09-17
"990",2018-09-18
"991",2018-09-19
"992",2018-09-20
"993",2018-09-21
"994",2018-09-22
"995",2018-09-23
"996",2018-09-24
"997",2018-09-25
"998",2018-09-26
"999",2018-09-27
"1000",2018-09-28
"1001",2018-09-29
"1002",2018-09-30
"1003",2018-10-01
"1004",2018-10-02
"1005",2018-10-03
"1006",2018-10-04
"1007",2018-10-05
"1008",2018-10-06
"1009",2018-10-07
"1010",2018-10-08
"1011",2018-10-09
"1012",2018-10-10
"1013",2018-10-11
"1014",2018-10-12
"1015",2018-10-13
"1016",2018-10-14
"1017",2018-10-15
"1018",2018-10-16
"1019",2018-10-17
"1020",2018-10-18
"1021",2018-10-19
"1022",2018-10-20
"1023",2018-10-21
"1024",2018-10-22
"1025",2018-10-23
"1026",2018-10-24
"1027",2018-10-25
"1028",2018-10-26
"1029",2018-10-27
"1030",2018-10-28
"1031",2018-10-29
"1032",2018-10-30
"1033",2018-10-31
"1034",2018-11-01
"1035",2018-11-02
"1036",2018-11-03
"1037",2018-11-04
"1038",2018-11-05
"1039",2018-11-06
"1040",2018-11-07
"1041",2018-11-08
"1042",2018-11-09
"1043",2018-11-10
"1044",2018-11-11
"1045",2018-11-12
"1046",2018-11-13
"1047",2018-11-14
"1048",2018-11-15
"1049",2018-11-16
"1050",2018-11-17
"1051",2018-11-18
"1052",2018-11-19
"1053",2018-11-20
"1054",2018-11-21
"1055",2018-11-22
"1056",2018-11-23
"1057",2018-11-24
"1058",2018-11-25
"1059",2018-11-26
"1060",2018-11-27
"1061",2018-11-28
"1062",2018-11-29
"1063",2018-11-30
"1064",2018-12-01
"1065",2018-12-02
"1066",2018-12-03
"1067",2018-12-04
"1068",2018-12-05
"1069",2018-12-06
"1070",2018-12-07
"1071",2018-12-08
"1072",2018-12-09
"1073",2018-12-10
"1074",2018-12-11
"1075",2018-12-12
"1076",2018-12-13
"1077",2018-12-14
"1078",2018-12-15
"1079",2018-12-16
"1080",2018-12-17
"1081",2018-12-18
"1082",2018-12-19
"1083",2018-12-20
"1084",2018-12-21
"1085",2018-12-22
"1086",2018-12-23
"1087",2018-12-24
"1088",2018-12-25
"1089",2018-12-26
"1090",2018-12-27
"1091",2018-12-28
"1092",2018-12-29
"1093",2018-12-30
"1094",2018-12-31
"1095",2019-01-01
"1096",2019-01-02
"1097",2019-01-03
"1098",2019-01-04
"1099",2019-01-05
"1100",2019-01-06
"1101",2019-01-07
"1102",2019-01-08
"1103",2019-01-09
"1104",2019-01-10
"1105",2019-01-11
"1106",2019-01-12
"1107",2019-01-13
"1108",2019-01-14
"1109",2019-01-15
"1110",2019-01-16
"1111",2019-01-17
"1112",2019-01-18
"1113",2019-01-19
"1114",2019-01-20
"1115",2019-01-21
"1116",2019-01-22
"1117",2019-01-23
"1118",2019-01-24
"1119",2019-01-25
"1120",2019-01-26
"1121",2019-01-27
"1122",2019-01-28
"1123",2019-01-29
"1124",2019-01-30
"1125",2019-01-31
"1126",2019-02-01
"1127",2019-02-02
"1128",2019-02-03
"1129",2019-02-04
"1130",2019-02-05
"1131",2019-02-06
"1132",2019-02-07
"1133",2019-02-08
"1134",2019-02-09
"1135",2019-02-10
"1136",2019-02-11
"1137",2019-02-12
"1138",2019-02-13
"1139",2019-02-14
"1140",2019-02-15
"1141",2019-02-16
"1142",2019-02-17
"1143",2019-02-18
"1144",2019-02-19
"1145",2019-02-20
"1146",2019-02-21
"1147",2019-02-22
"1148",2019-02-23
"1149",2019-02-24
"1150",2019-02-25
"1151",2019-02-26
"1152",2019-02-27
"1153",2019-02-28
"1154",2019-03-01
"1155",2019-03-02
"1156",2019-03-03
"1157",2019-03-04
"1158",2019-03-05
"1159",2019-03-06
"1160",2019-03-07
"1161",2019-03-08
"1162",2019-03-09
"1163",2019-03-10
"1164",2019-03-11
"1165",2019-03-12
"1166",2019-03-13
"1167",2019-03-14
"1168",2019-03-15
"1169",2019-03-16
"1170",2019-03-17
"1171",2019-03-18
"1172",2019-03-19
"1173",2019-03-20
"1174",2019-03-21
"1175",2019-03-22
"1176",2019-03-23
"1177",2019-03-24
"1178",2019-03-25
"1179",2019-03-26
"1180",2019-03-27
"1181",2019-03-28
"1182",2019-03-29
"1183",2019-03-30
"1184",2019-03-31
"1185",2019-04-01
"1186",2019-04-02
"1187",2019-04-03
"1188",2019-04-04
"1189",2019-04-05
"1190",2019-04-06
"1191",2019-04-07
"1192",2019-04-08
"1193",2019-04-09
"1194",2019-04-10
"1195",2019-04-11
"1196",2019-04-12
"1197",2019-04-13
"1198",2019-04-14
"1199",2019-04-15
"1200",2019-04-16
"1201",2019-04-17
"1202",2019-04-18
"1203",2019-04-19
"1204",2019-04-20
"1205",2019-04-21
"1206",2019-04-22
"1207",2019-04-23
"1208",2019-04-24
"1209",2019-04-25
"1210",2019-04-26
"1211",2019-04-27
"1212",2019-04-28
"1213",2019-04-29
"1214",2019-04-30
"1215",2019-05-01
"1216",2019-05-02
"1217",2019-05-03
"1218",2019-05-04
"1219",2019-05-05
"1220",2019-05-06
"1221",2019-05-07
"1222",2019-05-08
"1223",2019-05-09
"1224",2019-05-10
"1225",2019-05-11
"1226",2019-05-12
"1227",2019-05-13
"1228",2019-05-14
"1229",2019-05-15
"1230",2019-05-16
"1231",2019-05-17
"1232",2019-05-18
"1233",2019-05-19
"1234",2019-05-20
"1235",2019-05-21
"1236",2019-05-22
"1237",2019-05-23
"1238",2019-05-24
"1239",2019-05-25
"1240",2019-05-26
"1241",2019-05-27
"1242",2019-05-28
"1243",2019-05-29
"1244",2019-05-30
"1245",2019-05-31
"1246",2019-06-01
"1247",2019-06-02
"1248",2019-06-03
"1249",2019-06-04
"1250",2019-06-05
"1251",2019-06-06
"1252",2019-06-07
"1253",2019-06-08
"1254",2019-06-09
"1255",2019-06-10
"1256",2019-06-11
"1257",2019-06-12
"1258",2019-06-13
"1259",2019-06-14
"1260",2019-06-15
"1261",2019-06-16
"1262",2019-06-17
"1263",2019-06-18
"1264",2019-06-19
"1265",2019-06-20
"1266",2019-06-21
"1267",2019-06-22
"1268",2019-06-23
"1269",2019-06-24
"1270",2019-06-25
"1271",2019-06-26
"1272",2019-06-27
"1273",2019-06-28
"1274",2019-06-29
"1275",2019-06-30
"1276",2019-07-01
"1277",2019-07-02
"1278",2019-07-03
"1279",2019-07-04
"1280",2019-07-05
"1281",2019-07-06
"1282",2019-07-07
"1283",2019-07-08
"1284",2019-07-09
"1285",2019-07-10
"1286",2019-07-11
"1287",2019-07-12
"1288",2019-07-13
"1289",2019-07-14
"1290",2019-07-15
"1291",2019-07-16
"1292",2019-07-17
"1293",2019-07-18
"1294",2019-07-19
"1295",2019-07-20
"1296",2019-07-21
"1297",2019-07-22
"1298",2019-07-23
"1299",2019-07-24
"1300",2019-07-25
"1301",2019-07-26
"1302",2019-07-27
"1303",2019-07-28
"1304",2019-07-29
"1305",2019-07-30
"1306",2019-07-31
"1307",2019-08-01
"1308",2019-08-02
"1309",2019-08-03
"1310",2019-08-04
"1311",2019-08-05
"1312",2019-08-06
"1313",2019-08-07
"1314",2019-08-08
"1315",2019-08-09
"1316",2019-08-10
"1317",2019-08-11
"1318",2019-08-12
"1319",2019-08-13
"1320",2019-08-14
"1321",2019-08-15
"1322",2019-08-16
"1323",2019-08-17
"1324",2019-08-18
"1325",2019-08-19
"1326",2019-08-20
"1327",2019-08-21
"1328",2019-08-22
"1329",2019-08-23
"1330",2019-08-24
"1331",2019-08-25
"1332",2019-08-26
"1333",2019-08-27
"1334",2019-08-28
"1335",2019-08-29
"1336",2019-08-30
"1337",2019-08-31
"1338",2019-09-01
"1339",2019-09-02
"1340",2019-09-03
"1341",2019-09-04
"1342",2019-09-05
"1343",2019-09-06
"1344",2019-09-07
"1345",2019-09-08
"1346",2019-09-09
"1347",2019-09-10
"1348",2019-09-11
"1349",2019-09-12
"1350",2019-09-13
"1351",2019-09-14
"1352",2019-09-15
"1353",2019-09-16
"1354",2019-09-17
"1355",2019-09-18
"1356",2019-09-19
"1357",2019-09-20
"1358",2019-09-21
"1359",2019-09-22
"1360",2019-09-23
"1361",2019-09-24
"1362",2019-09-25
"1363",2019-09-26
"1364",2019-09-27
"1365",2019-09-28
"1366",2019-09-29
"1367",2019-09-30
"1368",2019-10-01
"1369",2019-10-02
"1370",2019-10-03
"1371",2019-10-04
"1372",2019-10-05
"1373",2019-10-06
"1374",2019-10-07
"1375",2019-10-08
"1376",2019-10-09
"1377",2019-10-10
"1378",2019-10-11
"1379",2019-10-12
"1380",2019-10-13
"1381",2019-10-14
"1382",2019-10-15
"1383",2019-10-16
"1384",2019-10-17
"1385",2019-10-18
"1386",2019-10-19
"1387",2019-10-20
"1388",2019-10-21
"1389",2019-10-22
"1390",2019-10-23
"1391",2019-10-24
"1392",2019-10-25
"1393",2019-10-26
"1394",2019-10-27
"1395",2019-10-28
"1396",2019-10-29
"1397",2019-10-30
"1398",2019-10-31
"1399",2019-11-01
"1400",2019-11-02
"1401",2019-11-03
"1402",2019-11-04
"1403",2019-11-05
"1404",2019-11-06
"1405",2019-11-07
"1406",2019-11-08
"1407",2019-11-09
"1408",2019-11-10
"1409",2019-11-11
"1410",2019-11-12
"1411",2019-11-13
"1412",2019-11-14
"1413",2019-11-15
"1414",2019-11-16
"1415",2019-11-17
"1416",2019-11-18
"1417",2019-11-19
"1418",2019-11-20
"1419",2019-11-21
"1420",2019-11-22
"1421",2019-11-23
"1422",2019-11-24
"1423",2019-11-25
"1424",2019-11-26
"1425",2019-11-27
"1426",2019-11-28
"1427",2019-11-29
"1428",2019-11-30
"1429",2019-12-01
"1430",2019-12-02
"1431",2019-12-03
"1432",2019-12-04
"1433",2019-12-05
"1434",2019-12-06
"1435",2019-12-07
"1436",2019-12-08
"1437",2019-12-09
"1438",2019-12-10
"1439",2019-12-11
"1440",2019-12-12
"1441",2019-12-13
"1442",2019-12-14
"1443",2019-12-15
"1444",2019-12-16
"1445",2019-12-17
"1446",2019-12-18
"1447",2019-12-19
"1448",2019-12-20
"1449",2019-12-21
"1450",2019-12-22
"1451",2019-12-23
"1452",2019-12-24
"1453",2019-12-25
"1454",2019-12-26
"1455",2019-12-27
"1456",2019-12-28
"1457",2019-12-29
"1458",2019-12-30
"1459",2019-12-31
"1460",2020-01-01
"1461",2020-01-02
